{
  "users": {
    "testuser": {
      "cart": [
        {
          "id": 1,
          "name": "Ноутбук",
          "price": 50000,
          "category": "Электроника",
          "quantity": 1
        },
        {
          "id": 3,
          "name": "Наушники",
          "price": 5000,
          "category": "Электроника",
          "quantity": 2
        }
      ],
      "orders": [
        {
          "id": 1,
          "date": "25.12.2025 01:10",
          "items": [
            {
              "id": 2,
              "name": "Смартфон",
              "price": 30000,
              "category": "Электроника",
              "quantity": 1
            },
            {
              "id": 4,
              "name": "Футболка",
              "price": 1500,
              "category": "Одежда",
              "quantity": 3
            }
          ],
          "total": 34500
        }
      ],
      "username": "testuser"
    },
    "ППП": {
      "cart": [],
      "orders": [
        {
          "id": 1,
          "date": "25.12.2025 01:10",
          "items": [
            {
              "id": 1,
              "name": "Ноутбук",
              "price": 50000,
              "category": "Электроника",
              "quantity": 1
            }
          ],
          "total": 50000
        }
      ],
      "username": "ППП"
    },
    "Golden": {
      "cart": [
        {
          "id": 1,
          "name": "Ноутбук",
          "price": 50000,
          "category": "Электроника",
          "quantity": 1
        }
      ],
      "orders": [],
      "username": "Golden"
    }
  }
}