{
  "users": {
    "1": {
      "cart": [
        {
          "id": 1,
          "name": "Ноутбук",
          "price": 50000,
          "category": "Электроника",
          "quantity": 1
        }
      ],
      "orders": [
        {
          "id": 1,
          "date": "2025-12-25 00:13",
          "items": [
            {
              "id": 1,
              "name": "Ноутбук",
              "price": 50000,
              "category": "Электроника",
              "quantity": 1
            }
          ],
          "total": 50000
        }
      ]
    }
  }
}